Sequence ID,Eterna ID,Title,Designer,Category,sequence,CAI_paper,MFE Structure_paper,DegScore_paper,dG(MFE)_paper,AUP_paper,MLD_paper,AUP_init14_paper,MFE Structure,dG(MFE),DegScore,CAI,MLD
1220183B1,10383581,START reference,rhiju,Control,AUGGCCGUUUACCCAUACGAUGUUCCUGACUAUGCGGGCUAUCCCUAUGACGUCCCGGACUAUGCAGGCUCCUAUCCAUAUGACGUUCCAGAUUACGCUGGAUCUGGCGUCUUCACACUCGAAGAUUUCGUUGGGGACUGGCGACAGACAGCCGGCUACAACCUGGACCAAGUCCUUGAACAGGGAGGUGUGUCCAGUUUGUUUCAGAAUCUCGGGGUGUCCGUAACUCCGAUCCAAAGGAUUGUCCUGAGCGGUGAAAAUGGGCUGAAGAUCGACAUCCAUGUCAUCAUCCCGUAUGAAGGUCUGAGCGGCGACCAAAUGGGCCAGAUCGAAAAAAUUUUUAAGGUGGUGUACCCUGUGGAUGAUCAUCACUUUAAGGUGAUCCUGCACUAUGGCACACUGGUAAUCGACGGGGUUACGCCGAACAUGAUCGACUAUUUCGGACGGCCGUAUGAAGGCAUCGCCGUGUUCGACGGCAAAAAGAUCACUGUAACAGGGACCCUGUGGAACGGCAACAAAAUUAUCGACGAGCGCCUGAUCAACCCCGACGGCUCCCUGCUGUUCCGAGUAACCAUCAACGGAGUGACCGGCUGGCGGCUGUGCGAACGCAUUCUGGCGUAA,0.77561946,((((((((...((((.((((....((((......((((...((.....))...)))).......))))..((.(((((.....(((........))).)))))..)).((((((......)))))).))))))))..(((....))).(((((((.(((.....((((...)))).....(((((((....(((..(.(((..((((...((((..............(((.((((.(((...(((((..(((((((..(((((.....(((.((((....)))))))..)))))......(((...(((((((((.....((((.(.((((((.............((((((((((((.((((((((((.......))))))).....................))).))))))).)))))...............)))))).))))).......))..)))))))....)))..........)))))))....)))))))).)))).)))...............))))...)))).))).)..)))..)))))))....((((............))))))).)))))))))))))))....((((......))))..,219.009,-112.441,0.497904135,110,0.482904135,.(((((.....((((.((((....((.((......(((....)))....(((((..(((....(......)...)))....)))))(((((......))))))).)).((((((......)))))).))))))))..(((((........)))))..((((.((((((((..(((((....)))))..)).)))))).))))((((......((((((((((((....(((.((...(((.....))))).))).....))))))....(((.((((....)))))))))))))..))))((((........)))).....))))).....................(((((.((..(((...(((((((.......)))))))...)))...)).))))).....((.((((((((.(.....((((((((..........((..(((.......))).))(((((.....))))).....))))).)))....).)))))))).))......................(((((.((.......((((((((.((.((((.((((............)))).....)))).)).)))))).)).......)).)))))..,-106.24,210.61100000000005,0.782479908450216,51
1220190B1,10405622,Eli Fisker's Yellowstone,rhiju,Neg. Control,AUGGCCGUCUACCCAUACGAUGUACCAGACUACGCCGGCUACCCCUACGACGUCCCAGACUACGCAGGCUCCUACCCAUACGACGUCCCAGACUACGCAGGAUCAGGCGUCUUCACACUCGAAGACUUCGUUGGAGACUGGCGACAGACAGCCGGAUACAACCUAGACCAAGUCCUAGAGCAAGGAGGAGUAUCCAGUUUGUUCCAAAACCUCGGAGUCUCCGUAACACCAAUCCAAAGAAUAGUCCUAUCCGGAGAGAACGGAUUGAAGAUCGACAUCCACGUCAUCAUCCCGUACGAAGGCCUCAGCGGCGACCAAAUGGGCCAAAUCGAAAAGAUAUUCAAAGUAGUAUACCCAGUAGACGACCACCACUUCAAGGUAAUCCUCCACUACGGCACACUCGUAAUAGACGGGGUAACUCCAAACAUGAUCGACUACUUCGGGCGCCCCUACGAGGGCAUCGCCGUAUUCGAUGGCAAGAAGAUCACCGUAACAGGAACCCUAUGGAACGGCAACAAGAUUAUCGACGAACGUUUAAUCAACCCCGACGGCUCCCUACUAUUCCGAGUAACCAUCAACGGAGUCACCGGAUGGCGCCUCUGCGAACGAAUAUUGGCCUAA,0.69924195,..(((((((......((((((((.((......(((((.((...(((.(((((((...........................))))))...(((((....((((..((.((.........((.((((((((..((....(((.(((((((....((((((..(((.........(((......)))))).)))))).))))))))))...)).)))))))).))..)).)).))))......)))))..(((((.......))))).((.(((.(((......)))))).))......).)))....)))))))......((((..............................))))((((..((..(((.......)))..)).....)))))).))).)))))......(((((...........(((((..((.(.(((((((.(((.....)))...)))).....))).)...))..)))))((((..((.........))..))))......(((((.((.....))..))))).))))))))))))............(((...(((((..(((.....))))))))...))).....................,228.93,-87.3249,0.562061701,75,0.48427078,.(((.((((.........))))..)))....(((((.......(((.((..(((...(((..((..((.......))...))..)))...)))..)).)))....))))).........((.((((((((..((....(((.(((((((....((((((..(((.........(((......)))))).)))))).))))))))))...)).)))))))).)).........................(((((.......)))))....(((.(((......))))))...........(((((.(((.((((......((((..............................))))((((..((..(((.......)))..)).....)))).....(((((.(((((.((((((...........(((((.....(.(((((((.(((.....)))...)))).....))).).......)))))((((..((.........))..))))......(((((.((.....))..))))).))))))...........))))).)))))..(((((..(((.....)))))))))))).)))............)))))..,-84.72,225.23800000000006,0.7096715880057969,64
1220188B1,10388767,Genewiz_1,wayment,Commercial,AUGGCCGUGUACCCCUACGACGUGCCCGACUACGCCGGCUACCCCUACGAUGUGCCCGACUACGCUGGCAGCUACCCUUACGACGUGCCCGACUAUGCCGGCUCCGGAGUGUUCACACUGGAGGACUUUGUGGGCGACUGGAGACAGACCGCCGGCUACAAUCUGGACCAAGUGCUGGAGCAAGGCGGCGUGAGCUCUCUGUUCCAGAAUCUGGGCGUGAGCGUGACCCCCAUCCAGAGGAUCGUGCUGAGCGGCGAGAAUGGACUGAAGAUCGACAUCCACGUGAUCAUCCCCUACGAGGGACUGAGCGGCGACCAGAUGGGCCAGAUCGAGAAGAUCUUCAAGGUGGUGUACCCCGUGGAUGACCACCACUUCAAGGUGAUCCUCCACUACGGCACACUGGUGAUCGAUGGCGUGACACCCAACAUGAUCGACUACUUUGGAAGACCUUACGAGGGCAUCGCCGUCUUCGAUGGCAAGAAGAUCACCGUGACCGGAACACUGUGGAACGGCAACAAGAUCAUCGACGAGAGGCUGAUCAACCCCGACGGCUCUCUGCUGUUUAGAGUGACCAUCAACGGCGUGACCGGCUGGAGACUGUGUGAGAGAAUUCUGGCCUGA,0.72030957,..(((((((((....))).))).))).....(((((((((.((....((..((.....))..))..)).)))...((((.((.((..........(((((..((((.(((((((....((((((((((((.(((((.(((....)))..))))((((.(.((((((.((.((..((((((((.((.(((....))))).))))))))...)).))(((.(((((((.((.........)).)))))))..))).......((((.((........))))))(((..(((((((......)))).))))))....)))))))))))(((((.....)))))....((((((...((....))...)))))).)..))))))...))))))...(((..(((.((((((((((((((.....(((................................)))...)))))))(((........))))))))))))).)))))))))).)))).)))))..........)).)).))))............((.(((.((((.......)))).).)).))..))))))....((((((((.((.......))..))))))))...,202.963,-115.227,0.502457634,74,0.540849614,..(((((((((....))).))).))).......(((((.(((.((...((((......(((.....((((((..((....((.(((((.(((....(((((((((((...(((((((..(.....)..)))))))..)))))........)))))).....((((((.......((((((((.((.(((....))))).))))))))....((((.((.......)).))))))))))...))).))...))).)).....))...((.((((....((((((((.(((((((......)))).)))..(((..((....)))))(((((.....)))))....((.((....))))(((((.((.((((.......)))).)).)))))..(((..(((.((((((((((((((.....(((................................)))...)))))))(((........))))))))))))).)))...))).)))))..........)))).))...(((((.(((.((......)))))))))).))))))...)))...))))...)).))).)))))..............................,-108.92,205.60400000000004,0.9553991636730237,60
1220187B1,10388774,Twist_1,wayment,Commercial,AUGGCCGUCUAUCCAUACGACGUACCCGAUUACGCUGGCUAUCCAUACGAUGUGCCUGAUUAUGCAGGAUCAUACCCCUACGACGUACCGGAUUAUGCCGGCAGUGGAGUGUUCACCCUCGAAGAUUUCGUGGGUGAUUGGAGGCAGACUGCGGGCUAUAACCUGGACCAGGUUCUUGAACAGGGUGGAGUGAGCUCCCUGUUCCAAAAUCUGGGAGUAAGUGUCACACCCAUACAGAGGAUUGUGCUCUCUGGAGAGAACGGACUGAAGAUAGACAUCCAUGUUAUCAUUCCUUACGAAGGUCUUAGCGGAGAUCAGAUGGGCCAGAUAGAAAAGAUUUUUAAGGUUGUCUACCCCGUGGAUGAUCACCAUUUUAAAGUGAUCCUGCAUUACGGCACCCUGGUGAUCGAUGGGGUGACUCCUAACAUGAUCGACUACUUUGGCCGCCCAUACGAGGGCAUCGCAGUUUUUGAUGGAAAGAAGAUCACAGUAACAGGCACUCUUUGGAACGGAAACAAAAUCAUCGACGAGAGGCUCAUUAACCCUGAUGGGUCCUUGCUCUUCCGAGUCACGAUAAACGGUGUCACAGGAUGGAGGCUGUGUGAAAGAAUUCUUGCCUAA,0.80330913,((((((.(((((((....(((....(((.(((((.(((((.((((...((.(((((((.((((....((((...((.((.(((((((..(((....(((.(((((.......((((((.(((.....))).))))))..........))))).))).(((((.(((((((((((...((((((((.(.......).))))))))...))))))).......((((.........((((((.......))))))....................)))))))).)))))...))).))))..(((((......))))).....((((((((((....((((....(((..(((.(((((((....((((((((.......(((..((........)))))..)))))))).)))))))))).))).....))))..))).)))))))((((......)))).))).))........))......))))...)))))))))))))..)))).(((((..............((((((((((((......)))))).)))..))))))))))))))).))).))).)))...)))))))))))))....................,210.299,-116.026,0.481497643,97,0.219964849,((((((.(((((((....(((....(((.(((((.(((((.((((...((.(((((((.((((....((((...((.((.(((((((..(((....(((.(((((.......((((((.(((.....))).))))))..........))))).))).(((((.(((((((((((...((((((((.(.......).))))))))...))))))).......((((.........((((((.......))))))....................)))))))).)))))...))).))))..(((((......))))).....((((((((((....((((....(((..(((.(((((((....((((((((.......(((..((........)))))..)))))))).)))))))))).))).....))))..))).)))))))((((......)))).))).))........))......))))...)))))))))))))..)))).(((((..............((((((((((((......)))))).)))..))))))))))))))).))).))).)))...)))))))))))))....................,-114.8,210.29900000000006,0.7717555942001375,97
1220189B1,10388753,IDT_1,wayment,Commercial,AUGGCAGUUUAUCCUUACGAUGUUCCAGAUUAUGCAGGAUAUCCCUACGACGUUCCGGACUAUGCAGGCUCUUAUCCCUACGACGUGCCCGAUUACGCCGGCUCAGGAGUAUUUACUCUUGAGGACUUCGUCGGCGAUUGGCGGCAAACCGCAGGCUAUAAUCUCGACCAGGUGCUGGAGCAAGGUGGGGUCAGUAGUUUGUUCCAAAAUCUCGGGGUAAGUGUAACACCUAUACAGAGAAUAGUGCUCAGCGGGGAAAACGGCUUGAAAAUCGAUAUACACGUAAUCAUUCCAUACGAGGGUCUUUCUGGCGAUCAGAUGGGUCAAAUCGAAAAAAUUUUCAAAGUAGUCUAUCCGGUCGAUGACCAUCACUUCAAGGUUAUUCUUCAUUAUGGGACACUGGUGAUAGAUGGAGUCACACCUAACAUGAUUGAUUAUUUCGGGCGCCCCUAUGAGGGUAUAGCAGUUUUCGACGGGAAGAAGAUAACGGUGACAGGCACCCUCUGGAAUGGCAACAAGAUUAUCGACGAGAGAUUGAUAAACCCCGAUGGUUCCUUGCUUUUUCGCGUUACAAUUAAUGGUGUAACUGGAUGGAGACUUUGUGAACGCAUACUGGCAUAG,0.73709578,.........((((((....................))))))..(((((...((((((((((...............(((.((...((((......(((((.(((((((((....)))))))))........)))))......))))...)).)))...............))).)))))))...)))))(((((((....((((((((.((((......(((...(((((.............(((...(((((((((..(((........((((((.....((..((((((((...(((((((((((((.(((...(((((.((..(((((..........................))))))))))))........((((((((((((...(((...((((((((.......))))).....................)))...)))..))))))).))))).....))).)))))))..................))))))))))))))..)).....)))))).................)))....)))))))))....)))............))))).))).....)))).)))).))))...)))))))....,239.241,-83.7225,0.517960249,121,0.759169188,...........................................(((((...((((((((((...............(((.((...((((......(((((((((((((((....)))))))).......)))))))......))))...)).)))...............))).)))))))...)))))(((((((....((((((((.((((((((((((......(((......(((.......)))..(((((...............((((((.....((..((((((((...((((((...((...(((((.(((((((........................))))))).)))))..))((.(((((.....((((((((((((...(((...((((((((.......))))).....................)))...)))..))))))).))))).(((.((...........)).))))))))..)).))))))))))))))..)).....))))))...............)))))..)))..)))))))).((..((((((........))))))..))..)))).)))).))))...)))))))....,-79.5,229.98100000000005,0.7010588770875419,113
1220185B1,10383653,GC_rich_24x_2,wayment,GC-rich,AUGGCGGUCUACCCCUACGACGUGCCCGACUACGCCGGCUACCCCUACGACGUCCCGGACUACGCGGGCAGCUACCCGUACGACGUGCCGGACUACGCGGGCAGCGGCGUCUUCACGCUGGAGGACUUCGUCGGCGACUGGCGCCAGACCGCGGGCUACAACCUCGACCAGGUGCUGGAGCAGGGGGGCGUGAGCUCCCUGUUCCAGAACCUCGGCGUCUCGGUCACGCCGAUCCAGCGGAUCGUGCUGUCCGGCGAGAACGGGCUGAAGAUCGACAUCCACGUGAUCAUCCCGUACGAGGGCCUGUCCGGGGACCAGAUGGGCCAGAUCGAGAAGAUCUUCAAGGUCGUCUACCCGGUGGACGACCACCACUUCAAGGUGAUCCUCCACUACGGGACGCUGGUGAUCGACGGGGUCACGCCGAACAUGAUCGACUACUUCGGCCGCCCCUACGAGGGGAUCGCCGUCUUCGACGGCAAGAAGAUCACGGUCACCGGGACGCUCUGGAACGGGAACAAGAUCAUCGACGAGCGCCUGAUCAACCCGGACGGCAGCCUCCUCUUCCGCGUGACCAUCAACGGCGUCACGGGGUGGCGCCUCUGCGAGCGCAUCCUGGCCUGA,0.773511885,..((((..(((((((...((((((((((.....((((.((.(((...((..((((.((((...(((((......))))).....)).))))))..)).))).))))))((((((......))))))...(((((((.....)))).)))..)))))...........((((((.(((((((((((((.......))))))))))))).)))).))(((...((((((((.((...((.(((...((((((((((...((.(((((......((((........(((((.((((((.(.(((((...(((((.((((.(((.......))).....(((((((..((((((((((...))))))))))(((.......)))((((((((((((((...)).))))).(((..(((((...((((((.............)))))).)))))..))))))))))((((((...))))))..)))))))..)))).)))))..))))).).))))))....))))))))).....))))).))...))))))))))...))).)))).))))))))....))))))))..))))))))))).......................,177.542,-193.803,0.410737616,122,0.400493727,..((((..(((((((...((((((((((.....((((.((.(((...((..((((.((((...(((((......))))).....)).))))))..)).))).))))))((((((......))))))...(((((((.....)))).)))..)))))...........((((((.(((((((((((((.......))))))))))))).)))).))(((...((((((((.((...((.(((...((((((((((...((.(((((......((((........(((((.((((((.((((((((((((.((...)).))))))))(((((.....))))).......((((..(((((((((.((.((((.......)))).)).)))))..))))...((((((((((..(((((...((((((.............)))))).)))))........((((((((((...)))))).....)))).))))))))))))))))).)..))))))....))))))))).....))))).))...))))))))))...))).)))).))))))))....))))))))..))))))))))).......................,-193.05,180.57600000000005,0.818585065588243,108
1220186B1,10383651,GC_rich_24x_1,wayment,GC-rich,AUGGCCGUGUACCCCUACGACGUGCCGGACUACGCCGGCUACCCCUACGACGUGCCGGACUACGCGGGGUCCUACCCCUACGACGUGCCCGACUACGCGGGCAGCGGCGUCUUCACCCUGGAGGACUUCGUCGGGGACUGGCGGCAGACCGCGGGCUACAACCUGGACCAGGUGCUGGAGCAGGGCGGCGUGUCCUCGCUCUUCCAGAACCUCGGCGUCAGCGUCACCCCCAUCCAGCGCAUCGUCCUGUCGGGCGAGAACGGCCUCAAGAUCGACAUCCACGUGAUCAUCCCCUACGAGGGCCUGAGCGGCGACCAGAUGGGCCAGAUCGAGAAGAUCUUCAAGGUGGUCUACCCCGUGGACGACCACCACUUCAAGGUGAUCCUCCACUACGGGACGCUCGUGAUCGACGGCGUCACCCCCAACAUGAUCGACUACUUCGGGCGCCCGUACGAGGGGAUCGCCGUCUUCGACGGGAAGAAGAUCACGGUGACGGGCACGCUCUGGAACGGGAACAAGAUCAUCGACGAGCGCCUCAUCAACCCCGACGGGUCCCUGCUCUUCCGGGUGACGAUCAACGGGGUCACCGGCUGGCGGCUCUGCGAGCGGAUCCUGGCCUGA,0.77211421,..(((((.(..((.((.((..(.((((..(((.(((((..(((((...(((((.(((((....((((((.((.........(.((((((((......))))).))).)((((((......))))))..((((((((....((((....))))((.((.......)).))((((.(((((..(((((((.......)))))))))))).)))).(((((...((((..(((..(((((.((...((((((((((.((((......)))..).))))))((..(((((((.(((((..(((((((......(((..((....)))))(((((.....)))))....(((((((..((....))..))))))).......((((((((((...((((((.((((((...((((.((.......))........))))......))))))))))))...)))))))))))))))))..)))..)).)))))))..)).))))..)).)))))..)))............)))).))))).......)))))))))).))))))...)))))...))).))...)))))..)))))))))))).)..)))).))..).)))))...,182.433,-183.777,0.418154432,128,0.468580506,..(((((.(..((.((.((..(.((((..(((.(((((..(((((...(((((.(((((....((((((.((.........(.((((((((......))))).))).)((((((......))))))..((((((((....((((....))))((.((.......)).))((((.(((((..(((((((.......)))))))))))).)))).(((((...((((..(((..(((((.((...((((((((((.((((......)))..).))))))((..(((((((.(((((..(((((((......(((..((....)))))(((((.....)))))....(((((((..((....))..))))))).......((((((((((...((((((.((((((...((((.((.......))........))))......))))))))))))...)))))))))))))))))..)))..)).)))))))..)).))))..)).)))))..)))............)))).))))).......)))))))))).))))))...)))))...))).))...)))))..)))))))))))).)..)))).))..).)))))...,-183.16,182.43300000000005,0.8531557517399248,128
1220184B1,10383601,LinearDesign-beamsize50-USETHISONE,rhiju,LinearDesign,AUGGCCGUGUACCCCUACGAUGUCCCCGACUACGCCGGAUACCCGUAUGAUGUGCCAGAUUAUGCGGGUUCCUACCCGUAUGAUGUGCCAGAUUAUGCGGGAUCCGGCGUAUUCACGUUGGAGGACUUCGUAGGGGACUGGAGACAGACUGCUGGCUACAACCUGGACCAGGUGCUGGAACAGGGGGGAGUCAGCAGUCUGUUCCAGAACCUUGGAGUCUCGGUCACCCCCAUCCAGCGGAUAGUCCUCUCGGGGGAGAAUGGCUUGAAGAUCGACAUUCAUGUCAUUAUCCCCUACGAGGGACUGUCCGGUGACCAGAUGGGGCAGAUCGAGAAGAUCUUCAAGGUUGUGUACCCCGUCGAUGAUCACCAUUUCAAAGUGAUCCUGCACUAUGGUACUCUUGUCAUCGACGGGGUGACCCCUAAUAUGAUCGACUAUUUUGGUCGACCAUAUGAGGGGAUCGCCGUGUUCGAUGGCAAGAAGAUCACUGUGACAGGAACACUUUGGAAUGGUAACAAGAUCAUCGACGAGCGCUUGAUCAACCCCGACGGGUCACUCCUGUUUAGGGUGACCAUAAACGGAGUGACCGGUUGGCGGUUGUGCGAGCGCAUACUGGCCUAA,0.781208056,..(((((.((((((((((((.(((((((((((((((((((.((((((((((..((...(((((((((((....)))))))))))..))...)))))))))))))))))))).....))))).)))).))))))))).(((((.((((((((((((((.(..((((..((((...))))..))))..).)))))))))))))))))))((((((((((((((((((..(((((((...((((((((((.(((((((((.((((((.((((........)))).)))))).)))))..)))))))))))))).......)))))))..))))))))....))))))))))........(((((((((((((((((((((((((.((((((((..((((..((((((((((((...((((((((((.(((((.((((((.....)))))).))))).))))).)))))....))))))))))))..))))..))).))))).)))))))))))))).....))))))))))).(((((((..((((((((((.(((((((((.(((((((....)).)))))))))))))).))))).)))))..))))))).))))))))...,163.97,-270.652,0.25126512,124,0.301572116,..(((((.((((((((((((.(((((((((((((((((((.((((((((((..((...(((((((((((....)))))))))))..))...)))))))))))))))))))).....))))).)))).))))))))).(((((.((((((((((((((.(..((((..((((...))))..))))..).)))))))))))))))))))((((((((((((((((((..(((((((...((((((((((.(((((((((.((((((.((((........)))).)))))).)))))..)))))))))))))).......)))))))..))))))))....))))))))))........(((((((((((((((((((((((((.((((((((..((((..((((((((((((...((((((((((.(((((.((((((.....)))))).))))).))))).)))))....))))))))))))..))))..))).))))).)))))))))))))).....))))))))))).(((((((..((((((((((.(((((((((.(((((((....)).)))))))))))))).))))).)))))..))))))).))))))))...,-266.35,163.97000000000003,0.7812080561236289,124
1220196B1,10419522,12,skyblue,Eterna,AUGGCCGUAUACCCGUACGAUGUUCCGGACUACGCAGGGUAUCCGUACGACGUGCCCGACUACGCGGGCUCGUACCCGUACGAUGUCCCGGAUUAUGCCGGCAGCGGCGUCUUCACCCUUGAGGACUUCGUGGGGGACUGGAGGCAGACCGCUGGGUAUAAUCUGGAUCAGGUUCUGGAGCAGGGGGGGGUGUCCUCCCUGUUCCAGAACCUGGGCGUGUCUGUGACGCCGAUCCAGCGCAUCGUGUUGUCGGGUGAGAACGGCCUGAAGAUAGACAUCCAUGUGAUCAUCCCGUAUGAGGGGCUCAGCGGGGAUCAGAUGGGUCAGAUCGAGAAGAUCUUCAAGGUCGUCUACCCGGUCGAUGAUCACCAUUUCAAGGUGAUCCUGCAUUACGGGACUUUGGUCAUCGACGGGGUAACGCCGAACAUGAUCGAUUACUUCGGCCGGCCCUACGAGGGGAUCGCGGUGUUCGAUGGCAAGAAGAUCACCGUGACCGGGACGCUUUGGAAUGGGAACAAGAUCAUCGACGAGCGGCUGAUCAACCCGGACGGGUCGCUCCUGUUCAGGGUGACGAUCAACGGUGUGACUGGGUGGCGGCUCUGCGAGCGCAUCCUGGCCUAG,0.701058877,..((((((((....))))((((((((((((.((((.(((((((.((((((((.(((((......))))).)))...))))))))))))(((((((((((..((((((((((((((((((((.(.....).))))))..))))))).).)))))))))))))))))..(((((((((((((((((((((.....)))))))))))))))))))))))))))))).))((((.((((((((((((((((((((((((.((.(((((((((((((.((.((((((.(((((..(((((.((((...)))))))))))))).))))))....))......)))))).))))))))))))))((((((((((.(((((((((((((.(((((..((((((((((((.((((((((((((((((...(((......))).))))))))((((.((((....))))....))))..))))))))..)))).)).)))))).))))))))))))))))))......))))))))))..)))))(((((.(((((((((((.....))))))).))))...))))))))))))).))))))))))((((...)))))))))..))))...,152.977,-209.38,0.309378054,122,0.423432616,..((((((..(((((.(((((((.(.(((.......(((((((.((((((((.(((((......))))).)))...))))))))))))(((((((((((..((((((((((((((((((((.(.....).))))))..))))))).).)))))))))))))))))...((((((((((((((((((((.....))))))))))))))))))))(((((.......)))))..))).).))))))).....)))))....))))))........(((..((((.(((((..(((((.((((...)))))))))))))).)))))))(((((.....)))))....((((((((((((.(((((((((((((.......)))))(((((.....)))))......)))))))).)))))..((((...((((((........((.(((((((.....)))..((((((((.((...........)).))))))))))))..)).................)))))).......))))......(((((((((((.....))))))).)))))))))))..........(((((..(((.(((...))))))..))))).....,-194.79,178.1500000000001,0.7714313568708966,87
1220198B1,10396597,Astros-Brourd-Eli-mod3,Astromon,Eterna,AUGGCCGUCUACCCCUACGACGUGCCCGACUACGCCGGCUACCCCUACGAUGUCCCCGACUACGCCGGCAGCUAUCCGUACGACGUGCCGGAUUAUGCCGGCUCGGGGGUGUUCACCCUCGAGGACUUCGUGGGGGACUGGAGACAGACGGCCGGCUACAAUCUGGACCAAGUGCUGGAGCAAGGCGGCGUGAGCUCUCUGUUCCAGAAUCUGGGCGUGAGCGUGACCCCCAUCCAGAGGAUCGUGCUGAGCGGCGAGAACGGACUGAAGAUCGACAUCCACGUGAUCAUCCCUUACGAGGGACUGAGCGGCGACCAGAUGGGCCAGAUCGAGAAGAUCUUCAAGGUAGUGUACCCCGUGGAUGACCACCACUUCAAGGUGAUCCUCCACUACGGUACACUGGUGAUCGAUGGCGUGACGCCCAAUAUGAUCGACUACUUUGGUCGACCGUACGAGGGCAUCGCCGUCUUCGAUGGCAAGAAGAUCACCGUGACCGGUACACUGUGGAACGGCAACAAGAUCAUCGACGAGAGGCUGAUCAACCCCGACGGCUCUCUGCUGUUUAGAGUGACCAUCAACGGCGUGACCGGCUGGAGACUUUGUGAGAGGAUUCUGGCCUGA,0.73843543,..(((((((.........)))).))).......(((((((.(((((((((.((((........(((((((...(((((..........)))))..)))))))((((((((....)))))))))))).))))))))).(((....)))..))))))).....((((((.......((((((((.((.(((....))))).))))))))....((((.((.......)).))))))))))((.((((.(((((((((((((.((.......((((..((((..(((..((((((((....))))).)))))).......))))((((...(((.((.((((((....((((((((((..(((((.((.((((.......)))).)).)))))...(((.(((.((((((((((((((....((((..((((.((((((.....)))))).))))...))))..)))))))(((........))))))))))))))))))))))))))...........)))))).))..)))..))))))))........))..)))).))))))))).))))))...............((((((((.(((.....)))..))))))))...,182.029,-164.717,0.437012392,116,0.467935308,..(((((((.........)))).))).......(((((((.(((((((((.((((........(((((((...(((((..........)))))..)))))))((((((((....)))))))))))).))))))))).(((....)))..))))))).....((((((.......((((((((.((.(((....))))).))))))))....((((.((.......)).))))))))))((.((((.(((((((((((((.((.......((((..((((..(((..((((((((....))))).)))))).......))))((((...(((.((.((((((....((((((((((..(((((.((.((((.......)))).)).)))))...(((.(((.((((((((((((((....((((..((((.((((((.....)))))).))))...))))..)))))))(((........))))))))))))))))))))))))))...........)))))).))..)))..))))))))........))..)))).))))))))).))))))...............((((((((.((((....)))).))))))))...,-162.79,181.29600000000005,0.8939344657417347,116
1220197B1,10409421,BugacMan's Worm refined Kagglestyle,Eli Fisker,Eterna,AUGGCUGUCUAUCCUUAUGACGUUCCGGACUACGCCGGGUAUCCGUACGAUGUGCCGGAUUAUGCGGGGUCGUACCCGUACGACGUUCCGGAUUAUGCGGGGAGCGGCGUCUUCACGCUCGAGGACUUCGUCGGGGAUUGGAGGCAGACGGCUGGCUACAAUCUCGACCAGGUCCUCGAGCAAGGGGGCGUCAGCUCCCUGUUCCAGAACCUCGGUGUGAGUGUGACCCCGAUCCAGCGCAUCGUGCUGUCCGGCGAGAACGGUCUUAAGAUAGACAUCCACGUCAUUAUCCCUUACGAGGGGCUGUCCGGUGACCAGAUGGGGCAGAUAGAGAAGAUUUUCAAGGUGGUCUACCCCGUCGAUGAUCACCAUUUCAAGGUGAUCCUGCACUAUGGUACUCUUGUCAUCGAUGGCGUGACCCCUAAUAUGAUCGACUACUUUGGUCGGCCGUAUGAGGGGAUCGCGGUCUUCGAUGGCAAGAAAAUCACGGUGACGGGGACGCUUUGGAAUGGGAAUAAGAUCAUCGACGAGAGGUUGAUCAACCCAGAUGGGAGUCUACUCUUUCGGGUCACCAUCAAUGGGGUCACCGGGUGGCGCCUAUGUGAGAGGAUACUGGCGUAG,0.709671588,.(((.((((((((.(((.(((((((.......((((((((....(((((((((((.((((....(((((((((((.(((((((.((((.(((....((((((((((((((((((..((((((((((((.((((.((((((.((.(((....))).)).)))))))))).))))))))))))..))))))))).)))))))))))).)))).))).)))).))))))))))))))).))))))))))).)))))))).))))).)).))))))))))).)))(((((.((((((((((.(((.((((((((((((((.((((((((.((.((((.(((((((((.(((((((.(((.(((((((((((.(((((((((((((.(((((((((.((((..((((((((((((.((((((((((((.(((((.((((((.....)))))).))))).))))).)))).))).))))))))))))..)))).)))).))))).)))))))))))))......)))))))))))...))).)))).)))....))))))))).)))).))..))).))))).....)))))))))))))).)))..))))).))))).)))))...,153.4,-247.327,0.248770592,251,0.310387396,.(((.((((((((.(((.(((((((.......((((((((....(((((((((((.((((....(((((((((((.(((((((.((((.(((....((((((((((((((((((..((((((((((((.((((.((((((.((.(((....))).)).)))))))))).))))))))))))..))))))))).)))))))))))).)))).))).)))).))))))))))))))).))))))))))).)))))))).))))).)).))))))))))).)))(((((.((((((((((.(((.((((((((((((((.((((((((.((.((((.(((((((((.(((((((.(((.(((((((((((.(((((((((((((.(((((((((.((((..((((((((((((.((((((((((((.(((((.((((((.....)))))).))))).))))).)))).))).))))))))))))..)))).)))).))))).)))))))))))))......)))))))))))...))).)))).)))....))))))))).)))).))..))).))))).....)))))))))))))).)))..))))).))))).)))))...,-245.79,153.40000000000003,0.733528473426172,251
1220193B1,10389218,Omei 1 DG2=158.7 5'UTR 20 unpaired,Omei,Eterna,AUGGCCGUGUACCCGUACGAUGUGCCCGACUACGCCGGGUAUCCGUACGAUGUGCCGGAUUAUGCGGGUUCGUACCCGUAUGACGUUCCAGAUUAUGCCGGCUCUGGCGUCUUCACCCUCGAGGACUUCGUGGGUGACUGGCGCCAGACUGCCGGCUAUAAUCUGGACCAGGUUCUGGAGCAGGGGGGGGUGUCCUCCCUGUUCCAGAACCUGGGCGUCAGCGUGACGCCGAUCCAGCGCAUCGUACUGUCCGGCGAGAACGGGCUCAAGAUAGACAUUCACGUCAUUAUCCCUUACGAGGGGCUAUCCGGUGACCAGAUGGGGCAGAUAGAGAAGAUUUUCAAGGUGGUCUACCCCGUCGAUGAUCACCAUUUCAAGGUGAUCCUGCACUAUGGUACUCUUGUCAUCGACGGGGUGACCCCUAAUAUGAUCGACUACUUCGGUCGACCGUAUGAGGGGAUCGCCGUGUUCGAUGGCAAGAAGAUCACAGUGACAGGGACGCUUUGGAAUGGUAACAAGAUCAUCGACGAGCGGUUGAUCAACCCCGAUGGAAGUCUUCUCUUUCGUGUCACCAUCAACGGGGUCACCGGAUGGCGCCUUUGUGAGCGGAUACUGGCGUGA,0.733528473,....................((.(((((....((((((((....(((((((((((.(((((((((((((....))))))))))...(((((((((((((((((((((((((.((((((.(((.....))).))))))..)))))))))..)))))).)))))))))).((((((((((((((((((((.....))))))))))))))))))))((((((.....))))))..))).))))))))))).))))))))....))))).))..........((((((((.(((((((((((((((((((((((((((((.(((((((((((.((((((((((((((.(((((((.(((((((((((((((((((((((((((((.(((((((((.((((..((((((((((((...((((((((((.(((((.((((((.....)))))).))))).))))).)))))....))))))))))))..)))).)))).))))).)))))))))))))).....))))))))))).).))).)))).)))....)))))))))))))).)).)))).))))).....)))))))))))))).)))))))))).))))).)))))))),157.111,-281.273,0.246581256,207,0.802237144,....................((.(((((....((((((((....(((((((((((.(((((((((((((....))))))))))...(((((((((((((((((((((((((.((((((.(((.....))).))))))..)))))))))..)))))).)))))))))).((((((((((((((((((((.....))))))))))))))))))))((((((.....))))))..))).))))))))))).))))))))....))))).))..........((((((((.(((((((((((((((((((((((((((((.(((((((((((.((((((((((((((.(((((((.(((((((((((((((((((((((((((((.(((((((((.((((..((((((((((((...((((((((((.(((((.((((((.....)))))).))))).))))).)))))....))))))))))))..)))).)))).))))).)))))))))))))).....))))))))))).).))).)))).)))....)))))))))))))).)).)))).))))).....)))))))))))))).)))))))))).))))).)))))))),-279.12,157.11100000000005,0.7735118849641178,207
1220192B1,10417205,Jill's mod of Clotho 2.0,DigitalEmbrace,Eterna,AUGGCCGUCUAUCCUUACGACGUCCCAGAUUACGCCGGUUAUCCCUAUGAUGUCCCCGAUUAUGCGGGCUCCUAUCCGUAUGAUGUCCCGGAUUACGCCGGAAGCGGCGUAUUCACCCUGGAGGAUUUCGUAGGGGAUUGGCGGCAAACCGCCGGUUAUAACCUAGACCAAGUUCUGGAACAGGGAGGCGUAUCCUCCCUGUUCCAGAACCUCGGCGUGAGUGUGACCCCUAUUCAAAGGAUCGUACUCUCGGGAGAAAAUGGUCUAAAGAUAGAUAUUCAUGUCAUCAUCCCCUACGAAGGUCUUUCAGGGGACCAGAUGGGGCAGAUCGAGAAAAUCUUCAAGGUAGUAUAUCCUGUAGAUGAUCAUCAUUUUAAGGUUAUAUUACACUAUGGGACUCUCGUCAUCGAUGGCGUGACUCCCAACAUGAUAGAUUAUUUCGGUCGGCCUUAUGAGGGCAUAGCGGUCUUUGACGGUAAAAAGAUUACCGUCACAGGAACGCUAUGGAACGGGAACAAGAUUAUCGACGAAAGGUUGAUAAAUCCGGAUGGGAGCCUGCUAUUCAGGGUUACUAUCAACGGGGUGACCGGCUGGCGCCUGUGCGAGCGGAUACUAGCGUAA,0.799627628,..((.((((.........)))).))........((((((((((((..(((((((((.((.((.(((((((((((((((.....(((((((((.(((((((....))))))).)).(((((((((((((((((((((((.(((((....)))))(((....)))(((((((.(((((((((((((((((.....)))))))))))))))))(((..((.((((((((..(((......))).)))))))).)).)))....)))))))..(((.(((......)))))))))))))))))).)))))))))))..((..(((((((.((((((((.((((((((((((((((((.(((..(((((.....)))))..))).)))))))).)).(((((.((.(((((....))))).)).)))))...))).))))).)))))))).)))))))..)).(((((((.(((((((((((((.....))))))))).)))).)))))))...)))).))).((((((((((.....)))))))).))))))))))))))))))).)).)))..)).))))..))))))))))))...(((........))).............,179.349,-207.06,0.327701926,96,0.570695504,..((.((((.........)))).))........((((((((((((..(((((((((.((.((.(((((((((((((((.....(((((((((.(((((((....))))))).)).(((((((((((((((((((((((.(((((....)))))(((....)))(((((((.(((((((((((((((((.....)))))))))))))))))(((..((.((((((((.((.........)).)))))))).)).)))....)))))))..(((.(((......)))))))))))))))))).)))))))))))..((..(((((((.((((((((.((((((((((((((((((.(((..(((((.....)))))..))).)))))))).)).(((((.((.(((((....))))).)).)))))...))).))))).)))))))).)))))))..)).(((((((.(((((((((((((.....))))))))).)))).)))))))...)))).))).((((((((((.....)))))))).))))))))))))))))))).)).)))..)).))))..))))))))))))...(((........))).............,-205.16,180.28800000000007,0.6992419519684927,96
1220194B1,10419549,BugacMan's Lost LD+finetuning mod Deg-2-ed,BugacMan,Eterna,AUGGCCGUCUACCCGUACGAUGUGCCGGACUACGCCGGGUACCCGUAUGAUGUGCCCGAUUAUGCGGGUAGCUACCCGUAUGAUGUGCCGGAUUAUGCGGGGUCCGGCGUGUUCACGUUGGAGGACUUCGUCGGUGACUGGCGCCAGACGGCGGGGUAUAACCUUGACCAGGUUCUGGAGCAGGGCGGGGUGUCCUCGCUCUUCCAGAACCUCGGUGUGUCGGUGACGCCGAUACAGAGGAUCGUUCUGUCUGGCGAGAAUGGUCUCAAGAUAGACAUUCAUGUGAUCAUCCCGUAUGAGGGUCUGUCUGGGGACCAGAUGGGCCAGAUAGAGAAGAUCUUCAAGGUGGUCUAUCCGGUGGAUGACCACCACUUCAAGGUUAUACUCCACUACGGGACGCUGGUCAUCGACGGGGUCACUCCGAACAUGAUCGAUUAUUUUGGCCGUCCCUACGAGGGCAUAGCGGUCUUUGACGGUAAGAAGAUUACCGUCACGGGCACGCUGUGGAACGGCAACAAGAUAAUCGACGAGCGGCUCAUCAACCCGGAUGGUAGUCUGCUCUUCCGGGUGACUAUCAACGGGGUGACGGGUUGGCGGCUGUGCGAGAGGAUUCUUGCGUGA,0.72698367,(((((((((.((((((((((((.((((.((.(((((((((.((((((((((..((...(((((((((((....)))))))))))..))...)))))))))))))))))))))(((.(((((((((((((((((((((((((((((....((.(((((((((((((((((((((((((((..(((((((((...))))))))))))))))))).))((((((((.....))))))))(((((((.(((((((((((.....(((((((.((((((((.((((((((.......)))))))).)))))))).))))))).....)))))))))))..)))))))..(((((((.((((...)))))))))))...))))))))))))))).))...)).)))))))))))))))))))).)))).))).)))((((((((((((((((((((.....)))(((((((((((.(((((((((.....))))))))).)))).)))))))..)))))..))))))))))))....)))).))))..((((..((((((((.((((....)))))))))))).)))))).)))))).)))))))))((((((....))))))....,153.724,-253.605,0.25097694,115,0.183286362,(((((((((.((((((((((((.((((.((.(((((((((.((((((((((..((...(((((((((((....)))))))))))..))...)))))))))))))))))))))(((.(((((((((((((((((((((((((((((....((.(((((((((((((((((((((((((((..(((((((((...))))))))))))))))))).))((((((((.....))))))))(((((((.(((((((((((.....(((((((.((((((((.((((((((.......)))))))).)))))))).))))))).....)))))))))))..)))))))..(((((((.((((...)))))))))))...))))))))))))))).))...)).)))))))))))))))))))).)))).))).)))((((((((((((((((((((.....)))(((((((((((.(((((((((.....))))))))).)))).)))))))..)))))..))))))))))))....)))).))))..((((..((((((((.((((....)))))))))))).)))))).)))))).)))))))))((((((....))))))....,-252.38,153.72400000000005,0.7203095662170335,115
1220191B1,10415148,AB_Rhiju_Mod_3,amybarish,Eterna,AUGGCCGUGUAUCCAUACGACGUCCCGGAUUAUGCGGGGUACCCCUACGACGUCCCGGACUACGCCGGGAGCUAUCCGUACGAUGUUCCCGACUACGCCGGCUCGGGCGUGUUCACGCUCGAGGACUUCGUGGGGGACUGGAGGCAGACUGCUGGCUACAACCUGGACCAGGUGCUGGAACAGGGUGGAGUCAGCAGUCUGUUCCAGAACCUUGGAGUCUCGGUCACGCCCAUCCAGCGGAUAGUCCUCUCGGGGGAGAAUGGCCUGAAGAUAGACAUUCACGUCAUUAUCCCCUACGAGGGACUGUCCGGCGACCAGAUGGGCCAGAUCGAGAAGAUCUUCAAGGUUGUGUACCCCGUCGAUGAUCACCAUUUCAAGGUAAUCCUGCACUACGGCACCCUGGUGAUCGACGGCGUGACGCCCAACAUGAUCGACUACUUCGGGCGGCCGUAUGAGGGGAUAGCGGUGUUCGACGGUAAGAAGAUCACGGUCACCGGUACGCUUUGGAAUGGGAACAAGAUCAUCGACGAGCGCCUGAUUAAUCCGGACGGCUCGCUCCUCUUCCGGGUCACCAUCAACGGCGUGACCGGAUGGAGACUAUGCGAGCGGAUACUGGCCUAA,0.76621294,..(((((.((((((......(((((.((((((.(((((((((((((((((.(((((((.....(.(((((((.(((.....)))))))))).)....))))(((((((((....)))))))))))).))))))))..(((((.((((((((((((((.((.((((..((((...))))..)))).)).)))))))))))))))))))((((((((((((((((((..(((((((...((((((((((.(((((((((.((((((.((((........)))).)))))).)))))..)))))))))))))).......)))))))..))))))))....))))))))))..))))))(((((((((((.((((((((((((.(((((.((.((((((.(((.((((.((((.((((...))))........)))).))))..)))..))))))))..)))))..(((((.(((..(((......))).))).)))))....))))))))))))......)))))))))))..))).....)))))))))))((((((..(((((((((.((((..........))))))))).)))).....)))))))))))))))))...,165.403,-231.71,0.310840418,107,0.257968079,..(((((.((((((......(((((.((((((.(((((((((((((((((.(((((((.....(.(((((((.(((.....)))))))))).)....))))(((((((((....)))))))))))).))))))))..(((((.((((((((((((((.((.((((..((((...))))..)))).)).)))))))))))))))))))((((((((((((((((((..(((((((...((((((((((.(((((((((.((((((.((((........)))).)))))).)))))..)))))))))))))).......)))))))..))))))))....))))))))))..))))))(((((((((((.((((((((((((.(((((.((.((((((.(((.((((.((((.((((...))))........)))).))))..)))..))))))))..)))))..(((((.(((..(((......))).))).)))))....))))))))))))......)))))))))))..))).....)))))))))))((((((..(((((((((.((((..........))))))))).)))).....)))))))))))))))))...,-228.33,165.40300000000005,0.7721142101723049,107
1220195B1,10415488,RLT-10,Rivalium,Eterna,AUGGCGGUGUACCCGUAUGACGUGCCCGACUACGCGGGCUACCCGUACGAUGUGCCGGACUACGCGGGGUCGUACCCGUACGACGUUCCGGAUUAUGCCGGCAGCGGGGUCUUCACGCUUGAGGACUUCGUUGGCGACUGGCGGCAGACCGCCGGGUAUAAUCUGGACCAGGUUCUGGAGCAGGGGGGGGUGUCCUCCCUGUUCCAGAACCUGGGCGUCAGUGUGACCCCGAUCCAGCGCAUCGUGCUGUCCGGGGAGAACGGCCUCAAGAUCGAUAUCCAUGUUAUCAUUCCGUACGAGGGCCUGAGCGGCGAUCAGAUGGGGCAGAUCGAGAAGAUCUUCAAGGUGGUGUACCCCGUCGAUGACCACCAUUUCAAGGUGAUCCUUCACUAUGGGACGCUGGUCAUCGACGGGGUGACGCCAAACAUGAUAGAUUAUUUCGGUCGGCCCUAUGAGGGGAUCGCCGUUUUCGACGGUAAGAAGAUUACCGUGACGGGCACUCUGUGGAAUGGUAACAAGAUCAUCGAUGAGAGGCUGAUCAACCCGGACGGGAGCCUGCUGUUUCGGGUGACGAUCAACGGGGUCACGGGCUGGAGGCUGUGCGAGCGGAUUCUGGCCUGA,0.771755594,......(((..(((((.((((((((((((..(((((((((.((((((((((((((.(((.....(((((((((((......(((((((((((((((((((.((((((((((((((....)))))))))))))).)).(((((((....)))))))))))))))))))(((((((((((((((((((((.....)))))))))))))))))))))))))).))))))))))).))).))))))))))).(((((((..((.(((((((...(((((((((..(((((((((((((((.(((.(((((((((((((((..(((((((.((((((((.((((((((.(.((((((((((((((((((((((.(.(((((.(((((....))))).))))).).)))))))))))))))).))))))..).))).))))).)))))))).))))))).....)))))))))).((.(((((((.....)))))))))))))).)))))))))))))))))).))).))))))..))))))).))..))))))))))))))))).)).)))))).))).))))))))..)))(((((((((.((((....)))).)))))))))..,143.973,-271.224,0.251252419,160,0.592771122,......(((..(((((.((((((((((((..(((((((((.((((((((((((((.(((.....(((((((((((......(((((((((((((((((((.((((((((((((((....)))))))))))))).)).(((((((....)))))))))))))))))))(((((((((((((((((((((.....)))))))))))))))))))))))))).))))))))))).))).))))))))))).(((((((..((.(((((((...(((((((((..(((((((((((((((.(((.(((((((((((((((..(((((((.((((((((.((((((((.(.((((((((((((((((((((((.(.(((((.(((((....))))).))))).).)))))))))))))))).))))))..).))).))))).)))))))).))))))).....)))))))))).((.(((((((.....)))))))))))))).)))))))))))))))))).))).))))))..))))))).))..))))))))))))))))).)).)))))).))).))))))))..)))(((((((((.((((....)))).)))))))))..,-269.99,143.97300000000004,0.7996276280744028,160
1220200B1,10422744,Ribotree_Random_degscore_1,alenkran,Ribotree,AUGGCAGUUUAUCCCUACGACGUGCCGGACUAUGCGGGUUACCCGUACGACGUCCCAGACUAUGCUGGCUCGUAUCCCUACGACGUGCCCGAUUAUGCGGGGAGCGGGGUGUUCACCCUGGAGGACUUCGUUGGGGACUGGCGCCAGACGGCGGGCUACAACCUGGACCAGGUUCUGGAGCAGGGCGGCGUGUCGUCGCUGUUCCAGAACCUGGGGGUGUCGGUCACGCCGAUCCAGCGGAUCGUCCUCAGCGGGGAGAACGGUUUGAAAAUCGACAUCCACGUGAUCAUCCCGUAUGAGGGGCUGUCGGGGGACCAGAUGGGCCAGAUCGAGAAGAUCUUCAAGGUGGUGUAUCCGGUGGAUGACCACCACUUUAAGGUCAUCUUGCAUUAUGGGACGUUGGUGAUCGAUGGGGUCACGCCGAACAUGAUCGAUUAUUUCGGGCGGCCCUACGAGGGGAUAGCUGUCUUCGACGGGAAGAAGAUCACGGUGACCGGCACGUUGUGGAACGGCAACAAGAUCAUCGAUGAGCGGCUCAUCAACCCGGACGGCAGCCUGCUGUUCCGGGUGACGAUCAACGGCGUGACGGGGUGGCGCUUGUGCGAGCGCAUCCUGGCAUGA,0.76032234,..............(((((((((((((((((.((((((...))))))((((((((((....((((((((((((.(((((.(((((.((((.............((((((((.((((..((((...(((((((((((((...(((..(((((((((((((.((((...((((((((((((((((((((......)))).)))))))))))))))))))))).)))).))))).))..)))....)))))))))))))....(((((....)))))...)))).)))).)))))))).....))))))))))))))....)))))))))..(((((.((((((.(((((((((.((((...))))...))))))))))))))).))))))))..))))))))))((((((..(((((((.(.(((((.............)))))).)))))))((.((((((....))))))..)).......)))))))))..))))))))))))))...........((((.((((((((...)))))).(((((((((((.....))))).)))))))).)))).....((((.((((((.(((((......))))))))))).)))).,163.769,-195.216,0.34394461,137,0.741463652,..............(((((((((((((((((.((((((...))))))((((((((((....((((((((((((.(((((.(((((.((((.............((((((((.((((..((((...(((((((((((((...(((..(((((((((((((.((((...((((((((((((((((((((......)))).)))))))))))))))))))))).)))).))))).))..)))....)))))))))))))....(((((....)))))...)))).)))).)))))))).....))))))))))))))....)))))))))..(((((.((((((.(((((((((.((((...))))...))))))))))))))).))))))))..))))))))))((((((..(((((((.(.(((((.............)))))).)))))))((.((((((....))))))..)).......)))))))))..))))))))))))))...........((((.((((((((...)))))).(((((((((((.....))))).)))))))).)))).....((((.((((((.(((((......))))))))))).)))).,-193.99,163.76900000000006,0.7593143328116101,137
1220205B1,10422746,Ribotree_BT_winner_random_degscore_2,alenkran,Ribotree,AUGGCAGUUUAUCCUUACGACGUCCCGGACUACGCCGGCUACCCGUAUGACGUGCCCGAUUAUGCGGGUAGCUACCCGUAUGACGUGCCCGAUUAUGCGGGUAGCGGCGUAUUCACCUUGGAGGACUUCGUGGGUGACUGGCGGCAGACCGCGGGGUACAACCUCGACCAGGUUCUGGAGCAGGGGGGGGUCUCCUCCCUGUUCCAGAACCUGGGGGUCUCCGUCACACCGAUCCAGCGGAUCGUGCUGUCUGGGGAGAACGGUCUCAAGAUAGACAUCCACGUCAUCAUCCCGUACGAGGGUCUCUCGGGGGACCAGAUGGGGCAGAUCGAGAAGAUCUUCAAGGUGGUCUACCCCGUUGAUGAUCACCAUUUUAAGGUCAUUCUGCAUUACGGGACUCUUGUCAUCGACGGGGUGACCCCGAACAUGAUCGACUACUUUGGUAGGCCGUACGAGGGUAUCGCCGUGUUCGAUGGCAAGAAGAUCACCGUGACGGGUACCCUGUGGAAUGGCAAUAAGAUCAUAGACGAGAGGCUGAUCAAUCCGGAUGGUAGCCUCUUGUUUAGGGUGACCAUCAACGGGGUAACGGGGUGGCGUCUGUGCGAGAGGAUUCUCGCGUAG,0.893934466,................(((.(((((((((((((((((.((((((((((((((.((.((.((((((((((....)))))))))))).)).)).)))))))))))))))))))..(((((((((((.(((((((((((..((((((.(((((.(((((.....))))).(((((((((((((((((((((.....))))))))))))))))))))).)))))))))))((.((((((...))))))))((((((.((((......)))).)))))).))))))).(((((.((((((.....((((((....))))))..))))))..))).)))))).))))))))))))))(((((((((((((.(((((((((((..(((((((((((((((((((.(((((((((((((((((...))))).(((((..(((.((((((.(((.....))).))))))))).)))))))))))))))))...)).)))))).((....)))))))))))))..))))))..(((((((((((((.((((.......))))))))))))))))).))))).))))))))))))).))))))).)))((((((((((....)))))))))),154.581,-216.002,0.306621825,82,0.885163046,................(((.(((((((((((((((((.((((((((((((((.((.((.((((((((((....)))))))))))).)).)).)))))))))))))))))))..(((((((((((.(((((((((((..((((((.(((((.(((((.....))))).(((((((((((((((((((((.....))))))))))))))))))))).)))))))))))((.((((((...))))))))((((((.((((......)))).)))))).))))))).(((((.((((((.....((((((....))))))..))))))..))).)))))).))))))))))))))...(((((...(((((.((((.....((((((((((.....((((((....))).))).)))))))))).((((((((..(((.((((((.(((.....))).))))))))).))))))))))))......))))).....)))))((((((((...((((.......(((.(((((((((((((.((((.......))))))))))))))))).)))..))))..)))))))).))))))).)))((((((((((....)))))))))),-193.82,163.20400000000006,0.7603223389955194,91
1220204B1,10422827,Ribotree_Random_sup_1,alenkran,Ribotree,AUGGCAGUUUACCCCUACGACGUCCCCGAUUACGCAGGCUAUCCCUACGACGUGCCAGAUUAUGCGGGGUCAUAUCCAUACGAUGUACCAGAUUAUGCCGGUAGUGGAGUAUUCACCUUGGAAGAUUUCGUCGGGGACUGGAGACAGACCGCAGGGUACAACCUUGACCAAGUUUUGGAACAGGGUGGCGUCAGCUCCCUGUUCCAAAACUUGGGUGUCAGCGUGACACCCAUACAGCGAAUAGUUUUAAGCGGGGAGAACGGUUUAAAAAUCGAUAUCCACGUAAUUAUUCCGUAUGAGGGCCUGUCUGGGGACCAGAUGGGCCAGAUCGAGAAGAUCUUCAAGGUUGUAUACCCUGUCGACGAUCAUCAUUUCAAGGUGAUACUCCACUACGGCACUCUGGUCAUCGAUGGAGUGACCCCGAACAUGAUCGACUAUUUUGGUCGGCCGUACGAAGGGAUAGCUGUGUUCGAUGGGAAGAAGAUAACCGUCACCGGGACGCUCUGGAACGGUAAUAAAAUUAUCGACGAGAGGUUGAUUAACCCGGACGGCAGCCUGCUGUUCCGGGUUACAAUCAACGGCGUCACCGGUUGGCGGUUAUGCGAGAGAAUUCUCGCGUAG,0.77143136,..............((((..(.(((((((..((((.((((((((((.(((((.(((.((((((((((((((((.(((((.(((((.((((((...(((((.((((((((((.((((((((((((((.((((((.((.(((....))).))(((((((((((((((((((((((((((((((((((.(((....)))))))))))))))))))))(((((.....))))).(((((.(.((((((((....(((.(((...(((((....)))))...))).)))))))))))))))))..(((((((((((...)))))))))))(((((.....))))))))))))))..))))))))))))))..))).)))))))))))))))))))))))))).)))))))))))))))))))))))))..)))))))((((.....)))))))))).)).)))))))))))))))))..)))).)...((((((((((((((((((((((....((((((.....))))))...))))(((((((((((((((((((.....))))).)))))))..)))))))..)))).))))).)))))))))((((((....)))))))))),166.756,-237.53,0.26546422,176,0.888844059,..............((((..(.(((((((..((((.((((((((((.(((((.(((.((((((((((((((((.(((((.(((((.((((((...(((((.((((((((((.((((((((((((((.((((((.((.(((....))).))(((((((((((((((((((((((((((((((((((.(((....)))))))))))))))))))))(((((.....))))).(((((.(.((((((((....(((.(((...(((((....)))))...))).)))))))))))))))))..(((((((((((...)))))))))))(((((.....))))))))))))))..))))))))))))))..))).)))))))))))))))))))))))))).)))))))))))))))))))))))))..)))))))((((.....)))))))))).)).)))))))))))))))))..)))).)...((((((((((((((((((((((....((((((.....))))))...))))(((((((((((((((((((.....))))).)))))))..)))))))..)))).))))).)))))))))((((((....)))))))))),-234.76,166.75600000000003,0.7269836741390507,176
1220199B1,10422723,Ribotree_Random_degscoreall_1,alenkran,Ribotree,AUGGCUGUUUAUCCGUACGACGUGCCGGAUUACGCGGGCUACCCAUACGAUGUUCCAGACUAUGCCGGUUCGUACCCGUAUGACGUGCCGGACUACGCGGGUAGCGGCGUGUUCACCCUGGAGGACUUCGUGGGGGACUGGCGGCAGACGGCUGGCUAUAAUUUGGACCAGGUUCUCGAACAGGGCGGCGUGUCGUCGCUGUUCCAAAACCUUGGGGUGUCGGUGACGCCGAUCCAGCGGAUCGUGCUGUCCGGCGAGAACGGUCUGAAGAUAGACAUCCAUGUCAUCAUCCCCUACGAGGGGCUUUCGGGGGACCAAAUGGGGCAAAUCGAGAAGAUCUUCAAGGUGGUGUACCCGGUGGACGACCACCACUUUAAGGUCAUUCUGCAUUAUGGGACACUCGUGAUUGACGGGGUGACCCCGAACAUGAUCGACUACUUCGGUAGGCCGUACGAGGGAAUAGCCGUUUUCGAUGGUAAGAAGAUCACCGUGACGGGGACCCUGUGGAACGGGAACAAGAUCAUCGACGAGCGGCUCAUUAACCCGGACGGCUCGCUCCUGUUCAGGGUCACCAUCAAUGGCGUAACGGGCUGGCGGUUGUGCGAGAGGAUACUGGCGUAG,0.853155752,...(((((...((((((((((..(((((.(((((((((...))).((((((((((((....(((((((((.((.(((((.((((((((((..((((....))))))))))))((.(((((((((.((((((((((((.(((.((((...((.((.((((..((((((((..(((((((..(.((((((((((((((((.((((((((....)))))))).)))))))))((((((...)))))).)))))))).))))))))))))))).)))).)).)).)))).)))))))))))))))..))))))))))).)).))))))).)))))((((((((((.(((((((((....((.....))..))))))))))))))).))))))))..))))))).)))))(((((...((((((((.(((((.((.(((((((....))))(((((.((.((.(((((((((((((((((((.......((.((((.(((((...)))))...)))))).....)))))))).)))))))).)))..)))).)))))))).)).))))).)))))))).))))).))))))....))))).)))))))).))....)).)))....,155.939,-172.823,0.336321082,170,0.542262726,...(((((...((((((((((..(((((.(((((((((...))).((((((((((((....(((((((((.((.(((((.((((((((((..((((....))))))))))))((.(((((((((.((((((((((((.(((.((((...((.((.((((..((((((((..(((((((..(.((((((((((((((((.((((((((....)))))))).)))))))))((((((...)))))).)))))))).))))))))))))))).)))).)).)).)))).)))))))))))))))..))))))))))).)).))))))).)))))((((((((((.(((((((((....((.....))..))))))))))))))).))))))))..))))))).)))))(((((...((((((((.(((((.((.(((((((....))))(((((.((.((.(((((((((((((((((((.......((.((((.(((((...)))))...)))))).....)))))))).)))))))).)))..)))).)))))))).)).))))).)))))))).))))).))))))....))))).)))))))).))....)).)))....,-171.29,155.93900000000005,0.7384354251066778,170
1220206B1,10422776,RiboTree_Nullrecurrent_winner_LinearDesign_degscoreall_7,alenkran,Ribotree,AUGGCUGUUUAUCCGUACGACGUCCCGGACUACGCGGGGUACCCGUACGACGUCCCCGAUUAUGCUGGGAGUUACCCCUACGAUGUUCCGGAUUAUGCCGGGUCUGGCGUCUUCACCCUCGAGGACUUCGUGGGUGACUGGCGCCAGACCGCGGGGUAUAAUCUGGACCAGGUUCUGGAGCAAGGGGGCGUGAGCUCCCUGUUCCAGAACCUGGGUGUGUCCGUUACCCCCAUUCAGCGCAUAGUGCUGAGUGGGGAGAACGGACUCAAGAUCGACAUCCACGUGAUCAUCCCCUAUGAGGGGUUGUCGGGCGACCAGAUGGGCCAGAUUGAAAAGAUUUUCAAGGUGGUCUAUCCGGUCGACGACCACCACUUCAAGGUGAUCCUGCAUUACGGGACGUUGGUCAUCGACGGGGUGACUCCCAACAUGAUCGACUACUUCGGGCGUCCGUACGAGGGUAUCGCGGUGUUCGACGGCAAGAAGAUCACCGUCACCGGGACCCUGUGGAAUGGUAACAAGAUAAUAGACGAGCGGCUCAUCAACCCGGAUGGGUCGCUGCUGUUUCGUGUUACCAUUAACGGGGUCACCGGGUGGCGGCUGUGCGAGAGGAUUCUCGCGUAG,0.955399164,....................((((..((((..((((..(((((((((((((((((.((((((((.(((((((((((((..((((..(((((((((((((.(((((((((((.((((((.(((.....))).))))))..)))))))))))....)))))))))))))((((((((((((((.(((((((....))))))))))))))))))))).((.(((((((..(((((((((((((...)))))))))))))..))))))).)).(((((((.(((.((((((.(((.(((.((((((((.((((..(((((.(((((((((..((((((....))))))..))))))))).))))).)))).))).)))))))).))).....))))))))).)))))))))))..))))))))))))).))))))))........))))))).))))..))))))))))..))))))))............((((((((((((((((((..((((((((((.((.(((((...(((((((((((......))))))))))).))))))).)))))))))).)))))))).)))).))))))((((((((((....)))))))))),154.834,-264.62,0.271034425,154,0.785574255,....................((((..((((..((((..(((((((((((((((((.((((((((.(((((((((((((..((((..(((((((((((((.(((((((((((.((((((.(((.....))).))))))..)))))))))))....)))))))))))))((((((((((((((.(((((((....))))))))))))))))))))).((.(((((((..(((((((((((((...)))))))))))))..))))))).)).(((((((.(((.((((((.(((.(((.((((((((.((((..(((((.(((((((((..((((((....))))))..))))))))).))))).)))).))).)))))))).))).....))))))))).)))))))))))..))))))))))))).))))))))........))))))).))))..))))))))))..))))))))............((((((((((((((((((..((((((((((.((.(((((...(((((((((((......))))))))))).))))))).)))))))))).)))))))).)))).))))))((((((((((....)))))))))),-263.39,154.83400000000006,0.7662129430563611,154
1220202B1,10422784,Ribotree_LinearDesign_degscore_1,alenkran,Ribotree,AUGGCUGUUUAUCCUUACGACGUGCCCGACUACGCGGGGUACCCGUACGACGUACCCGAUUAUGCUGGGAGUUACCCCUACGAUGUUCCGGAUUAUGCCGGGUCUGGCGUGUUCACCCUCGAAGACUUCGUGGGGGACUGGCGCCAGACCGCGGGGUAUAAUCUGGACCAGGUUCUGGAGCAAGGGGGCGUGAGCUCCCUGUUCCAGAACCUGGGUGUGUCCGUUACCCCGAUUCAGCGCAUCGUGCUGAGCGGGGAGAACGGGCUCAAGAUCGACAUCCACGUGAUAAUCCCCUAUGAGGGGCUGAGCGGCGACCAGAUGGGCCAGAUCGAGAAGAUCUUCAAGGUGGUCUAUCCGGUCGACGAUCACCACUUCAAGGUGAUCCUGCAUUACGGGACGUUGGUCAUCGACGGGGUGACUCCCAACAUGAUCGACUACUUCGGGCGCCCGUACGAGGGUAUCGCCGUGUUCGACGGUAAGAAGAUCACCGUCACCGGGACCCUGUGGAAUGGGAACAAGAUCAUAGACGAGCGGCUGAUCAAUCCGGAUGGGUCGCUGCUGUUUAGGGUCACCAUUAACGGGGUCACCGGGUGGCGGCUCUGCGAGAGAAUUCUCGCGUAG,0.818585066,.............(((((..(((...(((..((((((((((((((((((.(((.((((((((((.(((((((((((((..((((..(((((((((((((.((((((((((((((.(((.(((.....))).)))))))..))))))))))....)))))))))))))((((((((((((((.(((((((....))))))))))))))))))))).((.(((((((.(((((.((((((((...)))))))))))))..))))))).)).(((((((.(((.((((((.(((.(((.(((((((.(((.((.(((((.(((((((((((((.....))))).......)))))))).))))).)).))))).)))))))).))).....))))))))).)))))))))))..))))))))))))).))))))))........)))))..)))))..))))))).))))))))))))))))).......((((((((((((((((((..(((((......((((.(((((.((((((.((((..........))))))))))))))).)))).))))).)))))))).)))).))))))....((((((....))))))....,164.613,-235.283,0.308466577,153,0.71000803,.............(((((..(((...(((..((((((((((((((((((.(((.((((((((((.(((((((((((((..((((..(((((((((((((.((((((((((((((.(((.(((.....))).)))))))..))))))))))....)))))))))))))((((((((((((((.(((((((....))))))))))))))))))))).((.(((((((.(((((.((((((((...)))))))))))))..))))))).)).(((((((.(((.((((((...((((.....))))....(((((((((.(((((((((((((.....))))).......)))))))).)))))..(((((((.......)))))))))))))))))))).)))))))))))..))))))))))))).))))))))........)))))..)))))..))))))).))))))))))))))))).......((((((((((((((((((..(((((......((((.(((((.((((((.((((..........))))))))))))))).)))).))))).)))))))).)))).))))))....((((((....))))))....,-234.16,165.32100000000005,0.8033091307245194,139
1220203B1,10422804,Ribotree_LinearDesign_sup_1,alenkran,Ribotree,AUGGCUGUUUAUCCCUAUGAUGUUCCCGACUACGCGGGAUACCCGUACGACGUCCCCGAUUAUGCUGGGAGUUACCCGUACGAUGUUCCAGAUUAUGCCGGGUCUGGCGUCUUCACCCUCGAAGACUUCGUGGGUGAUUGGCGCCAGACAGCCGGCUAUAAUCUGGACCAGGUUCUGGAACAAGGGGGCGUGAGCUCCCUGUUCCAGAACCUGGGUGUGUCCGUUACUCCCAUUCAGCGCAUUGUGCUGAGUGGUGAGAACGGACUCAAGAUCGACAUCCACGUAAUUAUCCCUUAUGAAGGGUUGUCGGGCGACCAGAUGGGCCAGAUUGAAAAAAUUUUCAAGGUGGUCUAUCCGGUCGACGACCACCACUUCAAGGUGAUAUUGCAUUACGGGACGUUGGUCAUCGACGGUGUAACUCCCAACAUGAUCGAUUACUUCGGACGUCCGUACGAAGGUAUCGCCGUGUUUGACGGGAAGAAGAUCACCGUCACCGGGACCCUGUGGAAUGGUAACAAGAUAAUAGAUGAGCGACUCAUCAACCCUGAUGGGUCGCUCCUAUUUCGUGUUACCAUUAACGGGGUCACCGGUUGGCGGCUAUGCGAGAGGAUUCUCGCAUAG,0.75931433,......................((((((...((((((((((((((((((((((((.((((((((.((((((((((((((.((((..(((((((((((((((((((((((((.((((((.(((.....))).))))))..))))))))))..))))).))))))))))((((((((((((((.(((((((....))))))))))))))))))))).((.(((((((.((((((((((((((...))))))))))).)))))))))).)).(((((((.(((.((((((((((((((..(((((((.((((..(((((.(((((((((..((((((....))))))..))))))))).))))).)))).))).)))))))).))))....))))))))).))))))))))))))).)))))))))).))))))))........))))))).)))))..)))))).))))))....))))))........((((((((((((((((((..((((((((((.((.(((((..((((((((((((......))))))))))))))))))).)))))))))).)))))))).))))).)))))((((((((((....)))))))))),162.771,-282.192,0.241945877,158,0.881380631,......................((((((...((((((((((((((((((((((((.((((((((.((((((((((((((.((((..(((((((((((((((((((((((((.((((((.(((.....))).))))))..))))))))))..))))).))))))))))((((((((((((((.(((((((....))))))))))))))))))))).((.(((((((.((((((((((((((...))))))))))).)))))))))).)).(((((((.(((.((((((((((((((..(((((((.((((..(((((.(((((((((..((((((....))))))..))))))))).))))).)))).))).)))))))).))))....))))))))).))))))))))))))).)))))))))).))))))))........))))))).)))))..)))))).))))))....))))))........((((((((((((((((((..((((((((((.((.(((((..((((((((((((......))))))))))))))))))).)))))))))).)))))))).))))).)))))((((((((((....)))))))))),-280.66,162.77100000000007,0.737095778881331,158
1220201B1,10422764,Ribotree_LinearDesign_degscoreall_1,alenkran,Ribotree,AUGGCUGUUUAUCCAUACGACGUGCCCGACUACGCGGGGUACCCGUACGACGUGCCCGAUUAUGCUGGGAGUUACCCCUACGAUGUUCCGGAUUAUGCCGGGUCUGGCGUGUUCACCCUCGAGGACUUCGUGGGGGACUGGCGCCAGACCGCGGGGUAUAAUCUGGACCAGGUUCUGGAGCAAGGGGGCGUGAGCUCCCUGUUCCAGAACCUGGGUGUGUCCGUUACCCCGAUUCAGCGCAUCGUGCUGAGCGGGGAGAACGGGCUCAAGAUCGACAUCCACGUGAUAAUACCAUAUGAGGGGUUGUCGGGCGACCAGAUGGGCCAGAUUGAAAAGAUUUUCAAGGUGGUCUAUCCGGUCGACGACCACCACUUCAAGGUGAUAUUGCAUUACGGGACGUUGGUCAUCGACGGGGUGACUCCCAACAUGAUCGAUUACUUCGGGCGCCCGUACGAGGGUAUCGCCGUGUUCGACGGCAAGAAGAUCACCGUCACCGGGACCCUGUGGAAUGGUAACAAGAUAAUAGACGAGCGGCUCAUCAACCCGGAUGGGUCGCUGCUGUUUCGUGUUACCAUUAACGGGGUCACCGGGUGGCGGCUGUGCGAGAGGAUUCUCGCGUAG,0.782479909,((((........))))......(((((((..((((((((((((((((((..(((((((((((((.(((((((((((((..((((..(((((((((((((.((((((((((((((.(((.(((.....))).)))))))..))))))))))....)))))))))))))((((((((((((((.(((((((....))))))))))))))))))))).((.(((((((.(((((.((((((((...)))))))))))))..))))))).)).(((((((.(((.((((((((((.(((.((((((((.((((..(((((.(((((((((..((((((....))))))..))))))))).))))).)))).))).)))))..))).))))..))))))))).)))))))))))..))))))))))))).)))))))((.....)))))))).)))))..))))))).)))))))))..)))).........((((((((((((((((((..((((((((((.((.(((((...(((((((((((......))))))))))).))))))).)))))))))).)))))))).)))).))))))((((((((((....)))))))))),153.159,-252.089,0.279249384,156,0.749197102,((((........))))......(((((((..((((((((((((((((((..(((((((((((((.(((((((((((((..((((..(((((((((((((.((((((((((((((.(((.(((.....))).)))))))..))))))))))....)))))))))))))((((((((((((((.(((((((....))))))))))))))))))))).((.(((((((.(((((.((((((((...)))))))))))))..))))))).)).(((((((.(((.((((((((((.(((.((((((((.((((..(((((.(((((((((..((((((....))))))..))))))))).))))).)))).))).)))))..))).))))..))))))))).)))))))))))..))))))))))))).)))))))((.....)))))))).)))))..))))))).)))))))))..)))).........((((((((((((((((((..((((((((((.((.(((((...(((((((((((......))))))))))).))))))).)))))))))).)))))))).)))).))))))((((((((((....)))))))))),-251.17,153.15900000000008,0.7756194577594474,156
